[{"id":"918847097884@c.us","name":"ADH","age":"23","time":"07/09/21 16:35:47","serial":"8da781597a26629a9f08"},{"id":"916909451488@c.us","name":"John","age":"20","time":"07/09/21 16:44:24","serial":"52b8b6a926855d262208"},{"id":"639471993507@c.us","name":"Snow","age":"4","time":"07/09/21 16:44:42","serial":"75f8ce47d02e50ed9a96"},{"id":"919366754882@c.us","name":"John","age":"20","time":"07/09/21 16:48:21","serial":"79391623eea7587425a3"},{"id":"919612721929@c.us","name":"Grason","age":"21","time":"07/09/21 16:51:19","serial":"1f6c214e83a3c8de56e7"},{"id":"918414811255@c.us","name":"Abhishek das","age":"16","time":"07/09/21 16:55:21","serial":"0d58fc1dd008f66f8e86"},{"id":"916009785665@c.us","name":"mar","age":"0","time":"07/09/21 16:56:59","serial":"3aa366865811cd7ca06b"},{"id":"916909256165@c.us","name":"StyanTzy","age":"15","time":"07/09/21 16:57:40","serial":"5b212a3076286f50476c"},{"id":"918014996921@c.us","name":"Einstein","age":"14","time":"07/09/21 17:04:00","serial":"b8b04f2b0f2b451d567d"},{"id":"918131079684@c.us","name":"Joyra","age":"8","time":"07/09/21 17:04:28","serial":"411eb0488758c8f6af85"},{"id":"918014344069@c.us","name":"Barunjeet","age":"22","time":"07/09/21 17:09:40","serial":"3c3f77fecdfc41b8681e"},{"id":"917627984766@c.us","name":"Rohi","age":"8","time":"07/09/21 17:12:07","serial":"e5ac9fbc46c0b3b688a0"},{"id":"917640929345@c.us","name":"Niabi","age":"14","time":"07/09/21 17:14:15","serial":"cb21fea1db3a697e61f7"},{"id":"919002476281@c.us","name":"Tenz shrestra","age":"17","time":"07/09/21 17:14:43","serial":"ff12842e714a6a2d7679"},{"id":"918974719912@c.us","name":"teddy","age":"18","time":"07/09/21 17:18:46","serial":"ffc2efde000fcaf56313"},{"id":"919362651220@c.us","name":"Xoti","age":"18","time":"07/09/21 17:25:32","serial":"dcc9cff402390790a889"},{"id":"917291801626@c.us","name":"Elcy","age":"22","time":"07/09/21 17:27:13","serial":"003db8cfa5d48bf3d8fa"},{"id":"919511434354@c.us","name":"shin","age":"21","time":"07/09/21 17:28:09","serial":"74702d40d56458f814c3"},{"id":"918974343044@c.us","name":"belug","age":"6","time":"07/09/21 17:31:19","serial":"3eb3f256fb40c517c43e"},{"id":"919863554994@c.us","name":"Thouba","age":"16","time":"07/09/21 17:34:51","serial":"5fc788f60307fba841c1"},{"id":"917005222577@c.us","name":"levisky","age":"19","time":"07/09/21 17:35:00","serial":"bb7cac513abff3a44bd0"},{"id":"918011951643@c.us","name":"JZV vankal","age":"18","time":"07/09/21 17:39:31","serial":"22877605cd77406b082b"},{"id":"919362332115@c.us","name":"Divya","age":"15","time":"07/09/21 17:42:55","serial":"e4c7a1d487aa5e1ad6bc"},{"id":"919863282137@c.us","name":"artzs","age":"13","time":"07/09/21 17:45:40","serial":"ca137710cd8780fb5e55"},{"id":"919402238221@c.us","name":"kwid","age":"16","time":"07/09/21 17:48:43","serial":"0ef4edff8169d00bb195"},{"id":"919987832795@c.us","name":"Miyu","age":"17","time":"07/09/21 17:53:38","serial":"d9c65e818a2ad63401d5"},{"id":"918259849543@c.us","name":"ᐯ卂Ꮆㄩ乇","age":"21","time":"07/09/21 17:54:34","serial":"bdc931f5c100957ef303"},{"id":"919863366830@c.us","name":"Darkgenic gaming","age":"17","time":"07/09/21 17:58:05","serial":"f2354a737670b0a9201f"},{"id":"917085565358@c.us","name":"Tilak","age":"22","time":"07/09/21 17:58:34","serial":"7dbf4a7708ac92421007"},{"id":"918014333605@c.us","name":"Pie","age":"15","time":"07/09/21 18:21:01","serial":"b1b72178e1fa69fc61e7"},{"id":"919362840581@c.us","name":"nanaoba","age":"16","time":"07/09/21 18:23:13","serial":"e11ec071adf5b3269cd6"},{"id":"919362176699@c.us","name":"Tokyo","age":"5","time":"07/09/21 18:37:37","serial":"6ad4e296ef691bd7bae0"},{"id":"919352101955@c.us","name":"Ronin","age":"18","time":"07/09/21 18:46:30","serial":"f122c70cffcc89af228c"},{"id":"919485472393@c.us","name":"사랑해 ","age":"0","time":"07/09/21 18:50:31","serial":"0c703310b29cc24e933c"},{"id":"918787843635@c.us","name":"heh","age":"7","time":"07/09/21 18:50:48","serial":"ae25f3b66b23d7ce8dea"},{"id":"918119817244@c.us","name":"Computer gamingzz","age":"16","time":"07/09/21 18:53:55","serial":"5410ac568fcd1e98d4c7"},{"id":"916002387599@c.us","name":"Sushi🖤\ud83d","age":"2","time":"07/09/21 18:55:38","serial":"dd9d1535f3490e0cadc2"},{"id":"919612587134@c.us","name":"VenomSam","age":"0","time":"07/09/21 19:01:01","serial":"fc15a6be5a32b6968bd5"},{"id":"919362659110@c.us","name":"xyn","age":"5","time":"07/09/21 19:03:53","serial":"f02beae5410d0415736d"},{"id":"918787824807@c.us","name":"Chelso","age":"5","time":"07/09/21 19:05:51","serial":"68d0198bd8f074345cae"},{"id":"918787556260@c.us","name":"Tilake","age":"18","time":"07/09/21 19:07:34","serial":"e6c713af08bf9b9ecd67"},{"id":"917630093305@c.us","name":"Gary","age":"15","time":"07/09/21 19:13:42","serial":"e70240e64810040a18b2"},{"id":"919863262854@c.us","name":"Isimp ML","age":"21","time":"07/09/21 19:40:10","serial":"4ed410d320b38a972382"},{"id":"919366144127@c.us","name":"Hillary","age":"20","time":"07/09/21 19:57:24","serial":"e880fc67fe64d2973db0"},{"id":"917005618678@c.us","name":"Yaiphaba","age":"14","time":"07/09/21 20:09:02","serial":"ba8d04367a940686eb92"},{"id":"919366451682@c.us","name":"Gumdrop","age":"20","time":"07/09/21 20:13:16","serial":"45f437544cb4185cbf45"},{"id":"919101693494@c.us","name":"name-Serdili Terang","age":"age-22","time":"08/09/21 15:37:50","serial":"424c0dc4314923433ebe"},{"id":"918638544006@c.us","name":"MR_TM","age":"19","time":"08/09/21 15:40:17","serial":"852d67e815a639be5535"},{"id":"918837240138@c.us","name":"nam","age":"ge","time":"08/09/21 15:41:12","serial":"c6e03a40cced7af7cef2"},{"id":"919612628530@c.us","name":"Od","age":"20","time":"08/09/21 15:50:26","serial":"fa67baaf11ec084a768c"},{"id":"918730056692@c.us","name":"Kaneki","age":"17","time":"08/09/21 15:55:06","serial":"3d8b9ee6a8355fbb7619"},{"id":"916009288737@c.us","name":"ligh","age":"1","time":"08/09/21 16:00:23","serial":"22360794bc8f28e9759e"},{"id":"919863078573@c.us","name":"BoltTil","age":"18","time":"08/09/21 16:00:32","serial":"f2ff28893babf76ffb5a"},{"id":"916909994868@c.us","name":"Amy","age":"18","time":"08/09/21 16:04:33","serial":"78dbb8fcf358afb04044"},{"id":"918132827541@c.us","name":"Av:)","age":"15","time":"08/09/21 16:28:12","serial":"e6185c47c5c284e2e4da"},{"id":"919366915645@c.us","name":"aizen","age":"20","time":"08/09/21 16:40:12","serial":"ddecd6e84b82b7395568"},{"id":"916909189659@c.us","name":"yuvrajb","age":"15","time":"08/09/21 16:51:03","serial":"c120a0a84a385cd4e6eb"},{"id":"918413098394@c.us","name":"Ren","age":"17","time":"08/09/21 16:59:18","serial":"5129b03d92803209011a"},{"id":"918452011052@c.us","name":"Farhan","age":"25","time":"08/09/21 17:00:09","serial":"a172823381ab9846418d"},{"id":"918729907921@c.us","name":"Sangboi","age":"15","time":"08/09/21 17:13:32","serial":"939f8713ae090f4093b9"},{"id":"917640815940@c.us","name":"TluangTe","age":"18","time":"08/09/21 17:41:04","serial":"13b7f336fecabb35473a"},{"id":"918413913344@c.us","name":"Nganba Oinam","age":"15","time":"08/09/21 17:42:00","serial":"623a185a4e9eb1e80b75"},{"id":"919863254094@c.us","name":"CHOU","age":"8","time":"08/09/21 17:42:09","serial":"0c8bcfff6d6eec4135c4"},{"id":"918837318615@c.us","name":"name sycuno","age":"age 18","time":"08/09/21 17:54:12","serial":"a9c716d0565d61ed7a21"},{"id":"917865014622@c.us","name":"Sushant","age":"17","time":"08/09/21 18:16:44","serial":"ad83b21f467ee8e0c8d4"},{"id":"919612583984@c.us","name":"Thomas","age":"16","time":"08/09/21 18:39:02","serial":"953c70bca7b7fb20e723"},{"id":"919863165549@c.us","name":"Thamarich","age":"14","time":"08/09/21 21:32:42","serial":"87ba4b5142c5f967fc9d"},{"id":"919615920534@c.us","name":"Seityam","age":"16","time":"08/09/21 21:55:51","serial":"b65c21f9f04e8f3a9882"},{"id":"919383216902@c.us","name":"","age":"davis 16","time":"08/09/21 22:02:33","serial":"84518d0e0fc7738fd0c1"},{"id":"919864010051@c.us","name":"Levi","age":"15","time":"08/09/21 22:03:48","serial":"158140309d4aafe1797b"},{"id":"918131821291@c.us","name":"Yohenba","age":"16","time":"08/09/21 22:07:13","serial":"90b44d1c43559e69e451"},{"id":"918822118746@c.us","name":"munsin","age":"19","time":"08/09/21 22:13:53","serial":"62e98987582fa945c432"},{"id":"919366744023@c.us","name":"Error","age":"19","time":"08/09/21 22:14:41","serial":"32850a9a7767c035a8ce"},{"id":"919707821967@c.us","name":"Louis\ud83d","age":"17","time":"08/09/21 22:15:53","serial":"7a78a7761e02bfc53026"},{"id":"916009453976@c.us","name":"Dickmoi","age":"18","time":"08/09/21 23:44:59","serial":"7717b0b823db914a72ea"},{"id":"919612132072@c.us","name":"gsk","age":"18","time":"08/09/21 23:48:01","serial":"8963c56fd7b660c1f4a7"},{"id":"917044963332@c.us","name":"Lucky","age":"21","time":"09/09/21 02:03:14","serial":"ec1bb141c53c7f66c6c0"},{"id":"919383355288@c.us","name":"Hook The Minions","age":"21","time":"09/09/21 09:38:40","serial":"945c71234a8c74bcd63d"}]