[{"id":"918847097884@c.us","xp":5210,"level":28},{"id":"918014333605@c.us","xp":3675,"level":23},{"id":"919511434354@c.us","xp":2875,"level":20},{"id":"919612721929@c.us","xp":2054,"level":16},{"id":"919402238221@c.us","xp":1843,"level":15},{"id":"918812928194@c.us","xp":1710,"level":14},{"id":"919362840581@c.us","xp":1776,"level":14},{"id":"639471993507@c.us","xp":1584,"level":13},{"id":"919856517754@c.us","xp":1482,"level":13},{"id":"919863554994@c.us","xp":1367,"level":12},{"id":"918787341197@c.us","xp":1279,"level":12},{"id":"919366048819@c.us","xp":1251,"level":11},{"id":"916909256165@c.us","xp":1212,"level":11},{"id":"916909189659@c.us","xp":1328,"level":12},{"id":"919064269778@c.us","xp":1181,"level":11},{"id":"918014996921@c.us","xp":1080,"level":10},{"id":"918011951643@c.us","xp":1069,"level":10},{"id":"919863282137@c.us","xp":1019,"level":10},{"id":"918259849543@c.us","xp":1002,"level":10},{"id":"919987832795@c.us","xp":950,"level":9},{"id":"919366071790@c.us","xp":883,"level":9},{"id":"919862766752@c.us","xp":785,"level":8},{"id":"916009709968@c.us","xp":780,"level":8},{"id":"917250123003@c.us","xp":736,"level":8},{"id":"917506361131@c.us","xp":696,"level":8},{"id":"918837318615@c.us","xp":662,"level":7},{"id":"916909188005@c.us","xp":659,"level":7},{"id":"917865801545@c.us","xp":628,"level":7},{"id":"919863254094@c.us","xp":576,"level":6},{"id":"916009558688@c.us","xp":561,"level":6},{"id":"918638544006@c.us","xp":549,"level":6},{"id":"917005595064@c.us","xp":531,"level":6},{"id":"918415993644@c.us","xp":507,"level":6},{"id":"919863113966@c.us","xp":497,"level":6},{"id":"917085565358@c.us","xp":480,"level":6},{"id":"919101693494@c.us","xp":448,"level":5},{"id":"918974719912@c.us","xp":448,"level":5},{"id":"917005017422@c.us","xp":407,"level":5},{"id":"919612440613@c.us","xp":397,"level":5},{"id":"918131939034@c.us","xp":374,"level":4},{"id":"917005197409@c.us","xp":352,"level":4},{"id":"917005020407@c.us","xp":336,"level":4},{"id":"919362113484@c.us","xp":328,"level":4},{"id":"917642005424@c.us","xp":327,"level":4},{"id":"919362651220@c.us","xp":323,"level":4},{"id":"918414811255@c.us","xp":310,"level":4},{"id":"917865014622@c.us","xp":308,"level":4},{"id":"919436138304@c.us","xp":307,"level":4},{"id":"918250117704@c.us","xp":303,"level":4},{"id":"919933327613@c.us","xp":297,"level":4},{"id":"917005618678@c.us","xp":287,"level":3},{"id":"917029857400@c.us","xp":272,"level":3},{"id":"916009273764@c.us","xp":253,"level":3},{"id":"918131079684@c.us","xp":251,"level":3},{"id":"919615920534@c.us","xp":242,"level":3},{"id":"918974511514@c.us","xp":241,"level":3},{"id":"918452011052@c.us","xp":236,"level":3},{"id":"917585985945@c.us","xp":232,"level":3},{"id":"918269590604@c.us","xp":229,"level":3},{"id":"916296955464@c.us","xp":212,"level":2},{"id":"919863353102@c.us","xp":208,"level":2},{"id":"917005291590@c.us","xp":201,"level":2},{"id":"919619688279@c.us","xp":195,"level":2},{"id":"918131042036@c.us","xp":191,"level":2},{"id":"919339649290@c.us","xp":184,"level":2},{"id":"918250262383@c.us","xp":176,"level":2},{"id":"917503129687@c.us","xp":166,"level":2},{"id":"916009977544@c.us","xp":165,"level":2},{"id":"919366754882@c.us","xp":156,"level":2},{"id":"917630929127@c.us","xp":155,"level":2},{"id":"917640815940@c.us","xp":152,"level":1},{"id":"919436958815@c.us","xp":150,"level":1},{"id":"917087052629@c.us","xp":150,"level":1},{"id":"918415821077@c.us","xp":146,"level":1},{"id":"917005222577@c.us","xp":143,"level":1},{"id":"919863255674@c.us","xp":142,"level":1},{"id":"918729938824@c.us","xp":131,"level":1},{"id":"919612916953@c.us","xp":130,"level":1},{"id":"916370943491@c.us","xp":127,"level":1},{"id":"17852899720@c.us","xp":124,"level":1},{"id":"916009663518@c.us","xp":122,"level":1},{"id":"918731931908@c.us","xp":120,"level":1},{"id":"917642822148@c.us","xp":120,"level":1},{"id":"916009100129@c.us","xp":118,"level":1},{"id":"917724004402@c.us","xp":118,"level":1},{"id":"918729867789@c.us","xp":116,"level":1},{"id":"917044963332@c.us","xp":106,"level":1},{"id":"918731896740@c.us","xp":102,"level":1},{"id":"918837032041@c.us","xp":100,"level":1},{"id":"917005817749@c.us","xp":96,"level":1},{"id":"919863417029@c.us","xp":96,"level":1},{"id":"17785524778@c.us","xp":92,"level":1},{"id":"918014344069@c.us","xp":87,"level":1},{"id":"919863262854@c.us","xp":84,"level":1},{"id":"919862924376@c.us","xp":80,"level":1},{"id":"916909172270@c.us","xp":77,"level":1},{"id":"918730829791@c.us","xp":76,"level":1},{"id":"918119817244@c.us","xp":76,"level":1},{"id":"919435307540@c.us","xp":73,"level":1},{"id":"918974343044@c.us","xp":73,"level":1},{"id":"916353834179@c.us","xp":72,"level":1},{"id":"919002476281@c.us","xp":71,"level":1},{"id":"919863366830@c.us","xp":62,"level":1},{"id":"919365396713@c.us","xp":59,"level":1},{"id":"918118964667@c.us","xp":58,"level":1},{"id":"919832783774@c.us","xp":55,"level":1},{"id":"919077518782@c.us","xp":54,"level":1},{"id":"919740039979@c.us","xp":50,"level":1},{"id":"918787824807@c.us","xp":46,"level":1},{"id":"917055847897@c.us","xp":46,"level":1},{"id":"917099974271@c.us","xp":45,"level":1},{"id":"918729998951@c.us","xp":44,"level":1},{"id":"919862831030@c.us","xp":42,"level":1},{"id":"919362114094@c.us","xp":42,"level":1},{"id":"918730056692@c.us","xp":40,"level":1},{"id":"919362659110@c.us","xp":39,"level":1},{"id":"918415017540@c.us","xp":37,"level":1},{"id":"916033838043@c.us","xp":34,"level":1},{"id":"12286661788@c.us","xp":33,"level":1},{"id":"916909451488@c.us","xp":31,"level":1},{"id":"919366401013@c.us","xp":31,"level":1},{"id":"916009468500@c.us","xp":28,"level":1},{"id":"917005880181@c.us","xp":27,"level":1},{"id":"917627984766@c.us","xp":27,"level":1},{"id":"918415911797@c.us","xp":26,"level":1},{"id":"917641010380@c.us","xp":25,"level":1},{"id":"919863368518@c.us","xp":25,"level":1},{"id":"917630093305@c.us","xp":24,"level":1},{"id":"916002297582@c.us","xp":23,"level":1},{"id":"916009214646@c.us","xp":23,"level":1},{"id":"918837240138@c.us","xp":22,"level":1},{"id":"919009134818@c.us","xp":20,"level":1},{"id":"917005222027@c.us","xp":20,"level":1},{"id":"919362176699@c.us","xp":20,"level":1},{"id":"916009924189@c.us","xp":19,"level":1},{"id":"918875315582@c.us","xp":19,"level":1},{"id":"918968903021@c.us","xp":16,"level":1},{"id":"916009127428@c.us","xp":16,"level":1},{"id":"916909994868@c.us","xp":14,"level":1},{"id":"916001066137@c.us","xp":14,"level":1},{"id":"916265210681@c.us","xp":11,"level":1},{"id":"918787556260@c.us","xp":9,"level":1},{"id":"918729919749@c.us","xp":8,"level":1},{"id":"918490024567@c.us","xp":7,"level":1},{"id":"918787522913@c.us","xp":0,"level":1},{"id":"918731910166@c.us","xp":0,"level":1},{"id":"917005303558@c.us","xp":0,"level":1},{"id":"918794774023@c.us","xp":0,"level":1},{"id":"919856162726@c.us","xp":0,"level":1},{"id":"919383355288@c.us","xp":0,"level":1},{"id":"916909831063@c.us","xp":0,"level":1},{"id":"919686699313@c.us","xp":0,"level":1},{"id":"919366491306@c.us","xp":0,"level":1},{"id":"919362665462@c.us","xp":0,"level":1},{"id":"916009650217@c.us","xp":0,"level":1},{"id":"916009344897@c.us","xp":0,"level":1},{"id":"916909838418@c.us","xp":0,"level":1},{"id":"919383216902@c.us","xp":0,"level":1},{"id":"918617221166@c.us","xp":0,"level":1},{"id":"919002493571@c.us","xp":0,"level":1},{"id":"918972901238@c.us","xp":0,"level":1},{"id":"917896602894@c.us","xp":0,"level":1},{"id":"919774545778@c.us","xp":0,"level":1},{"id":"918794654569@c.us","xp":0,"level":1},{"id":"917636011844@c.us","xp":0,"level":1},{"id":"919612583984@c.us","xp":0,"level":1},{"id":"919863165549@c.us","xp":0,"level":1},{"id":"918099116259@c.us","xp":0,"level":1},{"id":"918347023179@c.us","xp":0,"level":1},{"id":"919366651396@c.us","xp":0,"level":1},{"id":"2347025732445@c.us","xp":0,"level":1},{"id":"917896653226@c.us","xp":0,"level":1},{"id":"919135651368@c.us","xp":0,"level":1},{"id":"919366915645@c.us","xp":0,"level":1},{"id":"918729907921@c.us","xp":0,"level":1},{"id":"919864010051@c.us","xp":0,"level":1},{"id":"919429920085@c.us","xp":0,"level":1},{"id":"919395486574@c.us","xp":0,"level":1},{"id":"919211413996@c.us","xp":0,"level":1},{"id":"918777286584@c.us","xp":0,"level":1},{"id":"917099280116@c.us","xp":0,"level":1},{"id":"917629910051@c.us","xp":0,"level":1},{"id":"919172312459@c.us","xp":0,"level":1},{"id":"917085558290@c.us","xp":0,"level":1},{"id":"916001105448@c.us","xp":0,"level":1},{"id":"916909574657@c.us","xp":0,"level":1},{"id":"917629024030@c.us","xp":0,"level":1},{"id":"918729936236@c.us","xp":0,"level":1},{"id":"918794288535@c.us","xp":0,"level":1},{"id":"916009144715@c.us","xp":0,"level":1},{"id":"919863014877@c.us","xp":0,"level":1},{"id":"919366898836@c.us","xp":0,"level":1},{"id":"916009580136@c.us","xp":0,"level":1},{"id":"917085652716@c.us","xp":0,"level":1},{"id":"918257033721@c.us","xp":0,"level":1},{"id":"919496706473@c.us","xp":0,"level":1},{"id":"919366623304@c.us","xp":0,"level":1},{"id":"918731841199@c.us","xp":0,"level":1},{"id":"919366744023@c.us","xp":0,"level":1},{"id":"919366860978@c.us","xp":0,"level":1},{"id":"919436673944@c.us","xp":0,"level":1},{"id":"917640929345@c.us","xp":0,"level":1},{"id":"919366041295@c.us","xp":0,"level":1},{"id":"917005304729@c.us","xp":0,"level":1},{"id":"918132827541@c.us","xp":0,"level":1},{"id":"916909154324@c.us","xp":0,"level":1},{"id":"919677955124@c.us","xp":0,"level":1},{"id":"918132827019@c.us","xp":0,"level":1},{"id":"919863148009@c.us","xp":0,"level":1},{"id":"919366691670@c.us","xp":0,"level":1},{"id":"919159175557@c.us","xp":0,"level":1},{"id":"919366892455@c.us","xp":0,"level":1},{"id":"918415872912@c.us","xp":0,"level":1},{"id":"919366451682@c.us","xp":0,"level":1},{"id":"918730847096@c.us","xp":0,"level":1},{"id":"918787843635@c.us","xp":0,"level":1},{"id":"919862025120@c.us","xp":0,"level":1},{"id":"919365921042@c.us","xp":0,"level":1},{"id":"917291801626@c.us","xp":0,"level":1},{"id":"919612587134@c.us","xp":0,"level":1},{"id":"919612132072@c.us","xp":0,"level":1},{"id":"919352101955@c.us","xp":0,"level":1},{"id":"916009453976@c.us","xp":0,"level":1},{"id":"918974932194@c.us","xp":0,"level":1},{"id":"918732818407@c.us","xp":0,"level":1},{"id":"916282456011@c.us","xp":0,"level":1},{"id":"919862622104@c.us","xp":0,"level":1},{"id":"918132014126@c.us","xp":0,"level":1},{"id":"918011452102@c.us","xp":0,"level":1},{"id":"919862106938@c.us","xp":0,"level":1},{"id":"919658970850@c.us","xp":0,"level":1},{"id":"916009443530@c.us","xp":0,"level":1},{"id":"919893832554@c.us","xp":0,"level":1},{"id":"917005233347@c.us","xp":0,"level":1},{"id":"917630923691@c.us","xp":0,"level":1},{"id":"918794298498@c.us","xp":0,"level":1},{"id":"918794249105@c.us","xp":0,"level":1},{"id":"916909213735@c.us","xp":0,"level":1},{"id":"918415001942@c.us","xp":0,"level":1},{"id":"919863155389@c.us","xp":0,"level":1},{"id":"918974721537@c.us","xp":0,"level":1},{"id":"918870945877@c.us","xp":0,"level":1},{"id":"12283008063@c.us","xp":0,"level":1},{"id":"918794814935@c.us","xp":0,"level":1},{"id":"918731035342@c.us","xp":0,"level":1},{"id":"919768066916@c.us","xp":0,"level":1},{"id":"918377022282@c.us","xp":0,"level":1},{"id":"916200258647@c.us","xp":0,"level":1},{"id":"19717049849@c.us","xp":0,"level":1},{"id":"917827258514@c.us","xp":0,"level":1},{"id":"917841012835@c.us","xp":0,"level":1},{"id":"919862780128@c.us","xp":0,"level":1},{"id":"919819130004@c.us","xp":0,"level":1},{"id":"918413091043@c.us","xp":0,"level":1},{"id":"916284062359@c.us","xp":0,"level":1},{"id":"919987406470@c.us","xp":0,"level":1},{"id":"919436665579@c.us","xp":0,"level":1},{"id":"918837049511@c.us","xp":0,"level":1},{"id":"919366554140@c.us","xp":0,"level":1},{"id":"919967828309@c.us","xp":0,"level":1},{"id":"916909933992@c.us","xp":0,"level":1},{"id":"919856764741@c.us","xp":0,"level":1},{"id":"918794462519@c.us","xp":0,"level":1},{"id":"919833896063@c.us","xp":0,"level":1},{"id":"916290522385@c.us","xp":0,"level":1},{"id":"918456809549@c.us","xp":0,"level":1},{"id":"917085900626@c.us","xp":0,"level":1},{"id":"917005607019@c.us","xp":0,"level":1},{"id":"916009773963@c.us","xp":0,"level":1},{"id":"917628088274@c.us","xp":0,"level":1},{"id":"916900229346@c.us","xp":0,"level":1},{"id":"919366953920@c.us","xp":0,"level":1},{"id":"919401094708@c.us","xp":0,"level":1},{"id":"919378150780@c.us","xp":0,"level":1},{"id":"918794520437@c.us","xp":0,"level":1},{"id":"918732857430@c.us","xp":0,"level":1},{"id":"919366255564@c.us","xp":0,"level":1},{"id":"917628094421@c.us","xp":0,"level":1},{"id":"916009143098@c.us","xp":0,"level":1},{"id":"917005536875@c.us","xp":0,"level":1},{"id":"919362573395@c.us","xp":0,"level":1},{"id":"916354348526@c.us","xp":0,"level":1},{"id":"919774538156@c.us","xp":0,"level":1},{"id":"916294744429@c.us","xp":0,"level":1},{"id":"919101593952@c.us","xp":0,"level":1},{"id":"919383066485@c.us","xp":0,"level":1},{"id":"917005153080@c.us","xp":0,"level":1},{"id":"916001796332@c.us","xp":0,"level":1},{"id":"917636800534@c.us","xp":0,"level":1},{"id":"918134836620@c.us","xp":0,"level":1},{"id":"919710037037@c.us","xp":0,"level":1},{"id":"918794381759@c.us","xp":0,"level":1},{"id":"916909951181@c.us","xp":0,"level":1},{"id":"917002906569@c.us","xp":0,"level":1},{"id":"919601949662@c.us","xp":0,"level":1},{"id":"918919589426@c.us","xp":0,"level":1},{"id":"917629049691@c.us","xp":0,"level":1},{"id":"919674162823@c.us","xp":0,"level":1},{"id":"917033619349@c.us","xp":0,"level":1},{"id":"919362162673@c.us","xp":0,"level":1},{"id":"917777966644@c.us","xp":0,"level":1},{"id":"918638739178@c.us","xp":0,"level":1},{"id":"919362586440@c.us","xp":0,"level":1},{"id":"919863203576@c.us","xp":0,"level":1},{"id":"919366608133@c.us","xp":0,"level":1},{"id":"918415047100@c.us","xp":0,"level":1},{"id":"918974854003@c.us","xp":0,"level":1},{"id":"918730895169@c.us","xp":0,"level":1},{"id":"919834413925@c.us","xp":0,"level":1},{"id":"919954798252@c.us","xp":0,"level":1},{"id":"919612826630@c.us","xp":0,"level":1},{"id":"917008654923@c.us","xp":0,"level":1},{"id":"917005275395@c.us","xp":0,"level":1},{"id":"919366936377@c.us","xp":0,"level":1},{"id":"94773120956@c.us","xp":0,"level":1},{"id":"916909622971@c.us","xp":0,"level":1},{"id":"916009714856@c.us","xp":0,"level":1},{"id":"917002096228@c.us","xp":0,"level":1},{"id":"919774278173@c.us","xp":0,"level":1},{"id":"918837386452@c.us","xp":0,"level":1},{"id":"919366209223@c.us","xp":0,"level":1},{"id":"13525415550@c.us","xp":0,"level":1},{"id":"917005370721@c.us","xp":0,"level":1},{"id":"919654969852@c.us","xp":0,"level":1},{"id":"919362219099@c.us","xp":0,"level":1},{"id":"918248448299@c.us","xp":0,"level":1},{"id":"918259917186@c.us","xp":0,"level":1},{"id":"918787703651@c.us","xp":0,"level":1},{"id":"916033053943@c.us","xp":0,"level":1},{"id":"919394101946@c.us","xp":0,"level":1},{"id":"916009450457@c.us","xp":0,"level":1},{"id":"916900916725@c.us","xp":0,"level":1},{"id":"917531921219@c.us","xp":0,"level":1},{"id":"919337065550@c.us","xp":0,"level":1},{"id":"917002069772@c.us","xp":0,"level":1},{"id":"918794981177@c.us","xp":0,"level":1},{"id":"917278650397@c.us","xp":0,"level":1},{"id":"919615614343@c.us","xp":0,"level":1},{"id":"918303464471@c.us","xp":0,"level":1},{"id":"917550971089@c.us","xp":0,"level":1},{"id":"917205065058@c.us","xp":0,"level":1},{"id":"919615607332@c.us","xp":0,"level":1},{"id":"919774254814@c.us","xp":0,"level":1},{"id":"918257882476@c.us","xp":0,"level":1},{"id":"918974464462@c.us","xp":0,"level":1},{"id":"919863382112@c.us","xp":0,"level":1},{"id":"919862392451@c.us","xp":0,"level":1},{"id":"917085848357@c.us","xp":0,"level":1},{"id":"918013214082@c.us","xp":0,"level":1},{"id":"918730932720@c.us","xp":0,"level":1},{"id":"916009262977@c.us","xp":0,"level":1},{"id":"919863766328@c.us","xp":0,"level":1},{"id":"918729838484@c.us","xp":0,"level":1},{"id":"918794888090@c.us","xp":0,"level":1},{"id":"917001189103@c.us","xp":0,"level":1},{"id":"918132858897@c.us","xp":0,"level":1},{"id":"916009130981@c.us","xp":0,"level":1},{"id":"917838359934@c.us","xp":0,"level":1},{"id":"917629931346@c.us","xp":0,"level":1},{"id":"919863236377@c.us","xp":0,"level":1},{"id":"918794376979@c.us","xp":0,"level":1},{"id":"917086830288@c.us","xp":0,"level":1},{"id":"919362664441@c.us","xp":0,"level":1},{"id":"916900636719@c.us","xp":0,"level":1},{"id":"918415876397@c.us","xp":0,"level":1},{"id":"917005791630@c.us","xp":0,"level":1},{"id":"917628822203@c.us","xp":0,"level":1},{"id":"918724809216@c.us","xp":0,"level":1},{"id":"917628877010@c.us","xp":0,"level":1},{"id":"916009956487@c.us","xp":0,"level":1},{"id":"918414901972@c.us","xp":0,"level":1},{"id":"916909626637@c.us","xp":0,"level":1},{"id":"918011432128@c.us","xp":0,"level":1},{"id":"916290664046@c.us","xp":0,"level":1},{"id":"919485472393@c.us","xp":0,"level":1},{"id":"919265489227@c.us","xp":0,"level":1},{"id":"918638592525@c.us","xp":0,"level":1},{"id":"916372801639@c.us","xp":0,"level":1},{"id":"916909948533@c.us","xp":0,"level":1},{"id":"919362220991@c.us","xp":0,"level":1},{"id":"919863086142@c.us","xp":0,"level":1},{"id":"916000057820@c.us","xp":0,"level":1},{"id":"918787708277@c.us","xp":0,"level":1},{"id":"919362146036@c.us","xp":0,"level":1},{"id":"917099134215@c.us","xp":0,"level":1},{"id":"917630851608@c.us","xp":0,"level":1},{"id":"918011520813@c.us","xp":0,"level":1},{"id":"919962485497@c.us","xp":0,"level":1},{"id":"919362268125@c.us","xp":0,"level":1},{"id":"919362320401@c.us","xp":0,"level":1},{"id":"916009566971@c.us","xp":0,"level":1},{"id":"917635803796@c.us","xp":0,"level":1},{"id":"917002931276@c.us","xp":0,"level":1},{"id":"917627990240@c.us","xp":0,"level":1},{"id":"918794494609@c.us","xp":0,"level":1},{"id":"919930820327@c.us","xp":0,"level":1},{"id":"917002074246@c.us","xp":0,"level":1},{"id":"919856736537@c.us","xp":0,"level":1},{"id":"919321725766@c.us","xp":0,"level":1},{"id":"918076045808@c.us","xp":0,"level":1},{"id":"918787575068@c.us","xp":0,"level":1},{"id":"918787594812@c.us","xp":0,"level":1},{"id":"917629937004@c.us","xp":0,"level":1},{"id":"918794289914@c.us","xp":0,"level":1},{"id":"918794096523@c.us","xp":0,"level":1},{"id":"918837360648@c.us","xp":0,"level":1},{"id":"918974409547@c.us","xp":0,"level":1},{"id":"918777215191@c.us","xp":0,"level":1},{"id":"916009824855@c.us","xp":0,"level":1},{"id":"919365518556@c.us","xp":0,"level":1},{"id":"916363565156@c.us","xp":0,"level":1},{"id":"918413801511@c.us","xp":0,"level":1},{"id":"916909912729@c.us","xp":0,"level":1},{"id":"918787839594@c.us","xp":0,"level":1},{"id":"917629982630@c.us","xp":0,"level":1},{"id":"918072865793@c.us","xp":0,"level":1},{"id":"919366665173@c.us","xp":0,"level":1},{"id":"918837353234@c.us","xp":0,"level":1},{"id":"919897644185@c.us","xp":0,"level":1},{"id":"918259026477@c.us","xp":0,"level":1},{"id":"916009727791@c.us","xp":0,"level":1},{"id":"917990597516@c.us","xp":0,"level":1},{"id":"916909161029@c.us","xp":0,"level":1},{"id":"917005619929@c.us","xp":0,"level":1},{"id":"918822033038@c.us","xp":0,"level":1},{"id":"918131822101@c.us","xp":0,"level":1},{"id":"916009196573@c.us","xp":0,"level":1},{"id":"916002387599@c.us","xp":0,"level":1},{"id":"916901987044@c.us","xp":0,"level":1},{"id":"919862748539@c.us","xp":0,"level":1},{"id":"918240508162@c.us","xp":0,"level":1},{"id":"919101329472@c.us","xp":0,"level":1},{"id":"919863162766@c.us","xp":0,"level":1},{"id":"916009742030@c.us","xp":0,"level":1},{"id":"918553978652@c.us","xp":0,"level":1},{"id":"918415064109@c.us","xp":0,"level":1},{"id":"919064638413@c.us","xp":0,"level":1},{"id":"918415021963@c.us","xp":0,"level":1},{"id":"917005046773@c.us","xp":0,"level":1},{"id":"919863769366@c.us","xp":0,"level":1},{"id":"918837429292@c.us","xp":0,"level":1},{"id":"918731044087@c.us","xp":0,"level":1},{"id":"919836397434@c.us","xp":0,"level":1},{"id":"919383219032@c.us","xp":0,"level":1},{"id":"919402494457@c.us","xp":0,"level":1},{"id":"919366254596@c.us","xp":0,"level":1},{"id":"917641044654@c.us","xp":0,"level":1},{"id":"919383097227@c.us","xp":0,"level":1},{"id":"919366895874@c.us","xp":0,"level":1},{"id":"917085274365@c.us","xp":0,"level":1},{"id":"917005143342@c.us","xp":0,"level":1},{"id":"917085214879@c.us","xp":0,"level":1},{"id":"919612641979@c.us","xp":0,"level":1},{"id":"919612204414@c.us","xp":0,"level":1},{"id":"919957001970@c.us","xp":0,"level":1},{"id":"919366005500@c.us","xp":0,"level":1},{"id":"918794159784@c.us","xp":0,"level":1},{"id":"918974818958@c.us","xp":0,"level":1},{"id":"919612102963@c.us","xp":0,"level":1},{"id":"917076942357@c.us","xp":0,"level":1},{"id":"919366164139@c.us","xp":0,"level":1},{"id":"919207129430@c.us","xp":0,"level":1},{"id":"919864939836@c.us","xp":0,"level":1},{"id":"918787558605@c.us","xp":0,"level":1},{"id":"919383241521@c.us","xp":0,"level":1},{"id":"917640895418@c.us","xp":0,"level":1},{"id":"916909729755@c.us","xp":0,"level":1},{"id":"918787735458@c.us","xp":0,"level":1},{"id":"919366940684@c.us","xp":0,"level":1},{"id":"917005981404@c.us","xp":0,"level":1},{"id":"919383014493@c.us","xp":0,"level":1},{"id":"919748932269@c.us","xp":0,"level":1},{"id":"918787527465@c.us","xp":0,"level":1},{"id":"919383274850@c.us","xp":0,"level":1},{"id":"94787363285@c.us","xp":0,"level":1},{"id":"919366312894@c.us","xp":0,"level":1},{"id":"916003428208@c.us","xp":0,"level":1},{"id":"919957091701@c.us","xp":0,"level":1},{"id":"916009634802@c.us","xp":0,"level":1},{"id":"919366144127@c.us","xp":0,"level":1},{"id":"916304075346@c.us","xp":0,"level":1},{"id":"918837332821@c.us","xp":0,"level":1},{"id":"916909425204@c.us","xp":0,"level":1},{"id":"918413075596@c.us","xp":0,"level":1},{"id":"919383377134@c.us","xp":0,"level":1},{"id":"919205407894@c.us","xp":0,"level":1},{"id":"919612743607@c.us","xp":0,"level":1},{"id":"9779807936515@c.us","xp":0,"level":1},{"id":"919863351258@c.us","xp":0,"level":1},{"id":"918794669968@c.us","xp":0,"level":1},{"id":"918879167187@c.us","xp":0,"level":1},{"id":"919938055506@c.us","xp":0,"level":1},{"id":"919366069336@c.us","xp":0,"level":1},{"id":"919366432254@c.us","xp":0,"level":1},{"id":"919696743832@c.us","xp":0,"level":1},{"id":"919863078573@c.us","xp":0,"level":1},{"id":"917005778267@c.us","xp":0,"level":1},{"id":"916297879725@c.us","xp":0,"level":1},{"id":"919366550716@c.us","xp":0,"level":1},{"id":"919957697192@c.us","xp":0,"level":1},{"id":"916297694524@c.us","xp":0,"level":1},{"id":"919362650558@c.us","xp":0,"level":1},{"id":"919382350282@c.us","xp":0,"level":1},{"id":"917488179748@c.us","xp":0,"level":1},{"id":"919004420639@c.us","xp":0,"level":1},{"id":"919717847892@c.us","xp":0,"level":1},{"id":"918001749169@c.us","xp":0,"level":1},{"id":"917908072522@c.us","xp":0,"level":1},{"id":"919362810127@c.us","xp":0,"level":1},{"id":"919084089058@c.us","xp":0,"level":1},{"id":"919793131306@c.us","xp":0,"level":1},{"id":"919649031630@c.us","xp":0,"level":1},{"id":"918895802351@c.us","xp":0,"level":1},{"id":"918610918820@c.us","xp":0,"level":1},{"id":"917010907597@c.us","xp":0,"level":1},{"id":"918700308428@c.us","xp":0,"level":1},{"id":"916297805179@c.us","xp":0,"level":1},{"id":"918248825955@c.us","xp":0,"level":1},{"id":"917001253986@c.us","xp":0,"level":1},{"id":"919679958852@c.us","xp":0,"level":1},{"id":"917219545889@c.us","xp":0,"level":1},{"id":"919382036800@c.us","xp":0,"level":1},{"id":"917972269278@c.us","xp":0,"level":1},{"id":"917423023233@c.us","xp":0,"level":1},{"id":"918484840036@c.us","xp":0,"level":1},{"id":"919940108870@c.us","xp":0,"level":1},{"id":"916381207095@c.us","xp":0,"level":1},{"id":"917640051968@c.us","xp":0,"level":1},{"id":"917986263186@c.us","xp":0,"level":1},{"id":"916295453078@c.us","xp":0,"level":1},{"id":"918371962685@c.us","xp":0,"level":1},{"id":"916370267526@c.us","xp":0,"level":1},{"id":"919612832753@c.us","xp":0,"level":1},{"id":"916295783109@c.us","xp":0,"level":1},{"id":"919650980185@c.us","xp":0,"level":1},{"id":"919863734351@c.us","xp":0,"level":1},{"id":"918160010763@c.us","xp":0,"level":1},{"id":"918974420439@c.us","xp":0,"level":1},{"id":"919022574458@c.us","xp":0,"level":1},{"id":"919127473462@c.us","xp":0,"level":1},{"id":"918689829188@c.us","xp":0,"level":1},{"id":"917628045487@c.us","xp":0,"level":1},{"id":"918131917835@c.us","xp":0,"level":1},{"id":"918800443449@c.us","xp":0,"level":1},{"id":"919886625300@c.us","xp":0,"level":1},{"id":"9779812327987@c.us","xp":0,"level":1},{"id":"919362321685@c.us","xp":0,"level":1},{"id":"916009114487@c.us","xp":0,"level":1},{"id":"917045578974@c.us","xp":0,"level":1},{"id":"917005456534@c.us","xp":0,"level":1},{"id":"917099295370@c.us","xp":0,"level":1},{"id":"919862839474@c.us","xp":0,"level":1},{"id":"918794707548@c.us","xp":0,"level":1},{"id":"918837061474@c.us","xp":0,"level":1},{"id":"918837247568@c.us","xp":0,"level":1},{"id":"918133061188@c.us","xp":0,"level":1},{"id":"918104854311@c.us","xp":0,"level":1},{"id":"919383127352@c.us","xp":0,"level":1},{"id":"917718909846@c.us","xp":0,"level":1},{"id":"918974922351@c.us","xp":0,"level":1},{"id":"919707366992@c.us","xp":0,"level":1},{"id":"918837092081@c.us","xp":0,"level":1},{"id":"918115598796@c.us","xp":0,"level":1},{"id":"917630899583@c.us","xp":0,"level":1},{"id":"919319540931@c.us","xp":0,"level":1},{"id":"916290850425@c.us","xp":0,"level":1},{"id":"918927096735@c.us","xp":0,"level":1},{"id":"918119081854@c.us","xp":0,"level":1},{"id":"919366848429@c.us","xp":0,"level":1},{"id":"917904401915@c.us","xp":0,"level":1},{"id":"917085782092@c.us","xp":0,"level":1},{"id":"919101395232@c.us","xp":0,"level":1},{"id":"6282375568022@c.us","xp":0,"level":1},{"id":"918837482699@c.us","xp":0,"level":1},{"id":"918210135329@c.us","xp":0,"level":1},{"id":"917629940058@c.us","xp":0,"level":1},{"id":"918403858539@c.us","xp":0,"level":1},{"id":"919510148473@c.us","xp":0,"level":1},{"id":"918258868909@c.us","xp":0,"level":1},{"id":"917021965501@c.us","xp":0,"level":1},{"id":"919593135858@c.us","xp":0,"level":1},{"id":"918132935697@c.us","xp":0,"level":1},{"id":"918413913344@c.us","xp":0,"level":1},{"id":"919362630995@c.us","xp":0,"level":1},{"id":"918119944696@c.us","xp":0,"level":1},{"id":"918258815366@c.us","xp":0,"level":1},{"id":"919366227005@c.us","xp":0,"level":1},{"id":"917005272654@c.us","xp":0,"level":1},{"id":"919366465463@c.us","xp":0,"level":1},{"id":"916009146173@c.us","xp":0,"level":1},{"id":"918415904262@c.us","xp":0,"level":1},{"id":"919863310428@c.us","xp":0,"level":1},{"id":"917085531090@c.us","xp":0,"level":1},{"id":"919362345390@c.us","xp":0,"level":1},{"id":"918974894922@c.us","xp":0,"level":1},{"id":"919774147982@c.us","xp":0,"level":1},{"id":"918436709578@c.us","xp":0,"level":1},{"id":"919402803550@c.us","xp":0,"level":1},{"id":"919366348101@c.us","xp":0,"level":1},{"id":"918084319063@c.us","xp":0,"level":1},{"id":"8615587146925@c.us","xp":0,"level":1},{"id":"918119974729@c.us","xp":0,"level":1},{"id":"917630875632@c.us","xp":0,"level":1},{"id":"918794287446@c.us","xp":0,"level":1},{"id":"919707215266@c.us","xp":0,"level":1},{"id":"916296310582@c.us","xp":0,"level":1},{"id":"918787685839@c.us","xp":0,"level":1},{"id":"916009375116@c.us","xp":0,"level":1},{"id":"916009961693@c.us","xp":0,"level":1},{"id":"919082763437@c.us","xp":0,"level":1},{"id":"916000057189@c.us","xp":0,"level":1},{"id":"918486319361@c.us","xp":0,"level":1},{"id":"917638020320@c.us","xp":0,"level":1},{"id":"918415831376@c.us","xp":0,"level":1},{"id":"916009916846@c.us","xp":0,"level":1},{"id":"919863405966@c.us","xp":0,"level":1},{"id":"918794940720@c.us","xp":0,"level":1},{"id":"919315012851@c.us","xp":0,"level":1},{"id":"917005356673@c.us","xp":0,"level":1},{"id":"916204991553@c.us","xp":0,"level":1},{"id":"917005944450@c.us","xp":0,"level":1},{"id":"6285752409543@c.us","xp":0,"level":1},{"id":"917085916760@c.us","xp":0,"level":1},{"id":"919862066516@c.us","xp":0,"level":1},{"id":"919863460877@c.us","xp":0,"level":1},{"id":"919863322763@c.us","xp":0,"level":1},{"id":"916009812703@c.us","xp":0,"level":1},{"id":"918132076926@c.us","xp":0,"level":1},{"id":"916909959784@c.us","xp":0,"level":1},{"id":"919366809403@c.us","xp":0,"level":1},{"id":"917003770417@c.us","xp":0,"level":1},{"id":"916001324142@c.us","xp":0,"level":1},{"id":"918258942752@c.us","xp":0,"level":1},{"id":"919383154998@c.us","xp":0,"level":1},{"id":"918974888849@c.us","xp":0,"level":1},{"id":"919366084947@c.us","xp":0,"level":1},{"id":"919612461105@c.us","xp":0,"level":1},{"id":"917085816336@c.us","xp":0,"level":1},{"id":"917629006085@c.us","xp":0,"level":1},{"id":"919863465648@c.us","xp":0,"level":1},{"id":"918729934655@c.us","xp":0,"level":1},{"id":"916009785665@c.us","xp":0,"level":1},{"id":"919383195205@c.us","xp":0,"level":1},{"id":"916009319194@c.us","xp":0,"level":1},{"id":"918729917068@c.us","xp":0,"level":1},{"id":"919362929778@c.us","xp":0,"level":1},{"id":"919362332115@c.us","xp":0,"level":1},{"id":"917640066496@c.us","xp":0,"level":1},{"id":"918413098394@c.us","xp":0,"level":1},{"id":"918729954077@c.us","xp":0,"level":1},{"id":"919707821967@c.us","xp":0,"level":1},{"id":"918794724305@c.us","xp":0,"level":1},{"id":"916009288737@c.us","xp":0,"level":1},{"id":"919612628530@c.us","xp":0,"level":1},{"id":"918730034787@c.us","xp":0,"level":1},{"id":"916366601177@c.us","xp":0,"level":1},{"id":"918787724071@c.us","xp":0,"level":1},{"id":"919077049477@c.us","xp":0,"level":1},{"id":"27716184527@c.us","xp":0,"level":1},{"id":"918822118746@c.us","xp":0,"level":1},{"id":"918131821291@c.us","xp":0,"level":1},{"id":"916295612572@c.us","xp":0,"level":1},{"id":"919774169067@c.us","xp":0,"level":1},{"id":"918119957447@c.us","xp":0,"level":1},{"id":"918837216877@c.us","xp":0,"level":1},{"id":"919612443950@c.us","xp":0,"level":1},{"id":"917005340835@c.us","xp":0,"level":1},{"id":"918131861338@c.us","xp":0,"level":1},{"id":"917005503680@c.us","xp":0,"level":1},{"id":"918131832509@c.us","xp":0,"level":1},{"id":"918259858997@c.us","xp":0,"level":1},{"id":"918787348642@c.us","xp":0,"level":1},{"id":"918415876889@c.us","xp":0,"level":1}]